Pid,Lon,Lat,DisYear1,DisDOY1,DisYear2,DisDOY2
1,-121.7014627,37.63904758,2017,270,0,0
2,-121.8043651,37.34095977,0,0,0,0
3,-121.0861469,37.65484962,0,0,0,0
4,-121.8347273,37.1521606,2017,61,0,0
5,-121.7029869,37.15413184,0,0,0,0
6,-121.0206927,36.98927596,0,0,0,0
7,-121.22838,37.4942572,0,0,0,0
8,-121.1954585,37.48141274,2019,148,0,0
9,-120.8712266,37.33534814,0,0,0,0
10,-120.8961015,37.09683461,0,0,0,0
11,-121.2358264,37.90095425,2017,181,2020,38
12,-121.5185603,37.75125654,0,0,0,0
13,-121.7257407,37.00926872,0,0,0,0
14,-120.785022,36.99117804,2017,254,0,0
15,-120.6674456,37.47600128,0,0,0,0
16,-120.7123961,37.12471667,0,0,0,0
17,-121.089276,37.01521009,2017,295,2019,204
18,-121.7570652,37.27622221,0,0,0,0
19,-121.771804,37.57202861,0,0,0,0
20,-121.6391995,37.53773768,0,0,0,0
21,-121.8260189,37.50713707,0,0,0,0
22,-120.9762308,37.25960818,2017,190,2019,148
23,-121.6875414,37.47984703,0,0,0,0
24,-121.0925763,36.99126294,2017,150,0,0
25,-120.8874099,37.57686597,0,0,0,0
26,-121.1633943,37.59691287,0,0,0,0
27,-121.4084952,37.05242127,0,0,0,0
28,-120.8535622,37.38854877,2015,169,0,0
29,-121.4946898,37.197816,0,0,0,0
30,-121.4643274,37.81196666,2016,292,2019,50
31,-120.8961508,37.48005057,2018,265,0,0
32,-121.2345288,37.85807768,0,0,0,0
33,-121.5470483,37.28305937,0,0,0,0
34,-120.967613,37.23485391,0,0,0,0
35,-121.6722026,37.03293865,0,0,0,0
36,-120.7343156,37.27350645,0,0,0,0
37,-121.595287,37.25729897,0,0,0,0
38,-121.7685588,37.09818094,0,0,0,0
39,-121.7745879,37.47799527,0,0,0,0
40,-120.9153369,37.47523017,0,0,0,0
41,-120.8656318,37.13222942,0,0,0,0
42,-120.9610376,37.11554166,2019,50,0,0
43,-120.9219618,37.73912969,0,0,0,0
44,-120.665526,37.89646023,0,0,0,0
45,-121.2804154,37.87640662,2019,211,0,0
46,-120.8850255,37.78521675,0,0,0,0
47,-121.3373804,37.76443951,2019,36,0,0
48,-120.7054109,37.3066329,2015,268,2018,65
49,-121.8573707,37.91028933,0,0,0,0
50,-120.6544924,37.45670483,0,0,0,0
51,-121.1666858,37.26291477,2018,336,0,0
52,-121.4305123,37.82144917,2018,176,2020,38
53,-121.171731,37.69836631,0,0,0,0
54,-121.4919014,37.65071937,0,0,0,0
55,-121.6639872,37.76727934,0,0,0,0
56,-121.0405978,37.61000912,0,0,0,0
57,-121.0294989,37.13998295,2016,216,2018,153
58,-120.8827086,37.63097057,0,0,0,0
59,-121.4414161,37.17119994,0,0,0,0
60,-121.5584202,37.39202524,0,0,0,0
61,-121.4413912,37.38864976,0,0,0,0
62,-121.4651024,37.2157791,2016,76,0,0
63,-120.7297772,37.1616686,2016,36,0,0
64,-120.9438403,37.04036764,0,0,0,0
65,-121.5032038,37.79938776,2018,184,2016,60
66,-121.1252083,37.14845815,2016,228,0,0
67,-120.9122967,37.73996529,0,0,0,0
68,-120.8083995,37.89595995,0,0,0,0
69,-120.7420666,37.79786312,2015,121,0,0
70,-121.1218888,37.79828572,0,0,0,0
71,-121.7754918,37.81223344,0,0,0,0
72,-121.6048706,37.01611295,0,0,0,0
73,-120.7867133,37.65519141,0,0,0,0
74,-121.3643014,37.00573777,2017,277,0,0
75,-121.0536379,37.30076436,0,0,0,0
76,-120.9094373,37.06763469,2016,228,0,0
77,-121.5576104,37.57478144,0,0,0,0
78,-121.1755448,37.69828961,0,0,0,0
79,-121.5768617,37.75192774,0,0,0,0
80,-121.8582228,37.4023101,0,0,0,0
81,-120.9133546,37.67532617,0,0,0,0
82,-121.8361568,37.63814,0,0,0,0
83,-121.370525,37.91829996,2017,45,0,0
84,-121.5560349,37.35782635,0,0,0,0
85,-121.6223233,36.98944704,0,0,0,0
86,-121.0576648,37.09248042,0,0,0,0
87,-120.7226378,37.91502938,0,0,0,0
88,-121.8595523,37.31533734,0,0,0,0
89,-120.9412019,37.5732966,0,0,0,0
90,-120.8685018,37.81333487,0,0,0,0
91,-120.747154,37.3911115,0,0,0,0
92,-120.6610362,37.5118554,0,0,0,0
93,-121.718415,37.42897804,0,0,0,0
94,-121.2345004,37.05954258,0,0,0,0
95,-120.8418619,37.7780763,0,0,0,0
96,-121.0783161,37.50141922,0,0,0,0
97,-120.6755982,37.86382699,0,0,0,0
98,-120.6940985,37.54733372,2020,47,0,0
99,-120.6801604,37.21114893,0,0,0,0
100,-121.7764309,37.84490988,0,0,0,0
101,-121.3297438,37.27640295,0,0,0,0
102,-121.465994,37.64318112,2017,142,0,0
103,-121.7022897,37.34862137,0,0,0,0
104,-121.6939787,37.78818922,0,0,0,0
105,-120.8698002,37.49616817,0,0,0,0
106,-121.2069574,37.91874169,2016,300,2019,25
107,-120.6927777,37.69689307,2016,123,0,0
108,-120.6392989,37.66173009,2019,155,0,0
109,-121.360445,37.43017719,0,0,0,0
110,-121.4019812,37.72235919,2016,75,2019,155
111,-121.5832209,37.59572387,0,0,0,0
112,-121.3210438,37.19692527,0,0,0,0
113,-121.5358394,37.52870257,0,0,0,0
114,-121.289487,37.87758433,0,0,0,0
115,-121.3293969,37.54918015,2015,121,2019,180
116,-121.5451538,37.46891428,0,0,0,0
117,-121.7065248,37.12547706,2016,35,2019,19
118,-121.3444156,37.63440892,2015,32,2017,197
119,-121.2479096,37.12305991,2017,286,0,0
120,-121.4671116,37.3781714,0,0,0,0
121,-121.0094847,37.87453092,0,0,0,0
122,-121.3139209,37.67691515,2015,32,0,0
123,-121.3303495,37.35326547,0,0,0,0
124,-120.8869569,37.45380837,0,0,0,0
125,-120.8512176,37.72977703,0,0,0,0
126,-120.9308916,37.69148298,0,0,0,0
127,-120.8998448,37.15834132,0,0,0,0
128,-121.2501386,37.32434519,0,0,0,0
129,-121.1723815,37.78885205,0,0,0,0
130,-121.0930838,37.22465848,2016,91,2018,337
131,-121.7435032,37.54301692,0,0,0,0
132,-121.562144,37.48102989,0,0,0,0
133,-121.1113506,37.2336614,2017,93,0,0
134,-121.487732,37.54030904,0,0,0,0
135,-120.9062742,37.91209881,2016,163,2019,75
136,-121.5280138,37.86222061,0,0,0,0
137,-121.8187178,37.35721809,0,0,0,0
138,-121.4989926,37.49636941,0,0,0,0
139,-121.1895388,37.0190055,0,0,0,0
140,-120.657904,37.82819424,0,0,0,0
141,-121.0124377,37.55864628,0,0,0,0
142,-120.9814246,37.39024582,0,0,0,0
143,-121.1668234,37.82070063,0,0,0,0
144,-121.2172634,37.04123348,0,0,0,0
145,-120.7893621,37.30091741,0,0,0,0
146,-121.3894384,37.04276278,0,0,0,0
147,-121.3036545,37.31209086,0,0,0,0
148,-121.6000917,37.92255466,2015,152,2019,99
149,-120.9266246,37.61517443,0,0,0,0
150,-121.1821276,37.82074859,2016,36,0,0
151,-121.4276546,37.31487646,0,0,0,0
152,-120.9894161,37.86796269,0,0,0,0
153,-121.7341411,37.27472172,0,0,0,0
154,-121.8575753,37.46943981,0,0,0,0
155,-121.1241788,37.62923998,0,0,0,0
156,-121.053047,37.42064312,2018,152,0,0
157,-121.1552937,37.23460403,0,0,0,0
158,-120.75249,37.12274955,2015,105,0,0
159,-121.0765667,37.61837351,2017,165,0,0
160,-121.213054,37.62495478,2018,85,2020,87
161,-121.5426763,37.59634514,0,0,0,0
162,-121.8055099,37.28303255,0,0,0,0
163,-120.972401,37.08000619,2016,188,0,0
164,-121.6678492,37.18759111,0,0,0,0
165,-121.5272231,37.07366258,0,0,0,0
166,-121.5528894,37.07850828,0,0,0,0
167,-121.1830952,37.7608113,0,0,0,0
168,-121.2062932,37.09445207,0,0,0,0
169,-120.9061085,36.98189483,2017,166,0,0
170,-120.800813,37.16637243,2018,201,0,0
171,-120.9045259,37.06510276,2016,36,0,0
172,-120.6566105,37.85520952,2019,150,0,0
173,-121.6459288,37.30051982,0,0,0,0
174,-120.7125534,37.60371977,2017,118,0,0
175,-121.8125214,37.30865276,0,0,0,0
176,-121.5761132,37.07040775,0,0,0,0
177,-121.8532419,37.57156308,0,0,0,0
178,-121.0441223,37.17405445,0,0,0,0
179,-120.7397762,37.75776874,2018,340,0,0
180,-121.160144,37.419021,2017,309,0,0
181,-121.6763993,37.3198967,0,0,0,0
182,-121.2509845,37.22927966,0,0,0,0
183,-121.1607742,37.62897948,0,0,0,0
184,-121.6294445,37.67738996,0,0,0,0
185,-121.4742266,37.03345841,0,0,0,0
186,-120.9855146,37.3223741,0,0,0,0
187,-121.17394,37.83902054,2016,267,2018,260
188,-121.6926426,37.31983952,0,0,0,0
189,-121.3901247,37.74488937,2016,35,2019,19
190,-121.3824922,37.16909222,0,0,0,0
191,-121.1630643,37.07973885,2017,121,0,0
192,-121.8395907,37.61085385,0,0,0,0
193,-121.1444027,37.79699095,0,0,0,0
194,-120.7237475,37.16958113,0,0,0,0
195,-121.7311405,37.62446902,0,0,0,0
196,-120.9559628,37.67876606,2016,318,0,0
197,-120.6593736,37.72472097,0,0,0,0
198,-121.1039222,37.86169469,2019,123,0,0
199,-120.979381,37.38439274,0,0,0,0
200,-121.4905115,37.53778464,0,0,0,0
201,-121.3051157,37.19443595,0,0,0,0
202,-121.8065905,37.45934496,0,0,0,0
203,-121.3880493,37.55515473,0,0,0,0
204,-121.4104757,37.87371426,0,0,0,0
205,-121.5055117,37.72508873,2015,48,2016,332
206,-120.8595261,37.39019304,0,0,0,0
207,-121.3080788,37.52858632,0,0,0,0
208,-120.8818002,37.03916156,2016,108,0,0
209,-120.8786495,37.87036776,0,0,0,0
210,-121.5157443,37.49903402,0,0,0,0
211,-121.7823618,37.40926641,0,0,0,0
212,-121.7924592,37.8067499,2016,163,2017,237
213,-121.0803731,37.39686577,2017,126,2019,200
214,-121.3501332,37.08950945,0,0,0,0
215,-120.7397824,37.7283153,2016,166,0,0
216,-121.3435362,37.78008517,0,0,0,0
217,-121.6682347,37.87694304,0,0,0,0
218,-121.2034477,37.28057286,0,0,0,0
219,-120.695222,37.90400338,0,0,0,0
220,-121.0450763,37.642169,0,0,0,0
221,-121.3889467,36.97542031,0,0,0,0
222,-121.5514276,37.1834085,0,0,0,0
223,-120.8124529,37.68474755,0,0,0,0
224,-120.7054596,37.2512563,2017,142,2018,337
225,-121.3931391,37.79824534,0,0,0,0
226,-121.785092,37.31874378,0,0,0,0
227,-121.6482511,37.09363101,0,0,0,0
228,-121.1651218,37.04502967,2017,310,2019,268
229,-121.633926,37.59409881,0,0,0,0
230,-121.5060973,37.45678734,0,0,0,0
231,-121.3003078,37.26385135,0,0,0,0
232,-121.4419952,37.24158468,0,0,0,0
233,-121.4726114,37.48138376,0,0,0,0
234,-121.2954441,37.57404287,0,0,0,0
235,-121.5708004,37.66037781,2016,180,0,0
236,-121.8252653,37.8640228,0,0,0,0
237,-121.052109,37.49119912,0,0,0,0
238,-121.6641962,37.77422017,2016,227,2019,283
239,-120.8728049,37.53325268,0,0,0,0
240,-121.3707545,37.02757342,0,0,0,0
241,-121.4622369,37.43159562,0,0,0,0
242,-120.9565333,37.0275019,0,0,0,0
243,-120.9340003,37.83627574,0,0,0,0
244,-121.6599742,36.95987761,0,0,0,0
245,-121.7141614,37.84295275,0,0,0,0
246,-121.6479497,37.62892485,0,0,0,0
247,-121.0989027,37.15660323,2017,126,0,0
248,-120.8301474,37.33205941,0,0,0,0
249,-121.235789,37.47313932,0,0,0,0
250,-121.6579204,37.6438176,0,0,0,0
251,-120.9748544,37.79640308,2019,76,0,0
252,-120.7408138,37.63288885,0,0,0,0
253,-121.5901658,37.77245135,2016,195,0,0
254,-120.7860734,37.61200392,2016,36,0,0
255,-121.5974169,37.82842624,0,0,0,0
256,-120.8430296,37.10624782,0,0,0,0
257,-120.8191588,36.96851425,0,0,0,0
258,-121.2135618,37.71651806,0,0,0,0
259,-121.2815763,37.23744,0,0,0,0
260,-120.7544262,37.88506311,2015,169,2017,235
261,-121.787594,37.33207327,0,0,0,0
262,-121.2412436,37.27298139,2019,290,0,0
263,-121.0883331,37.89274488,0,0,0,0
264,-120.9474378,37.92369896,0,0,0,0
265,-121.5755059,37.7960552,2018,184,0,0
266,-121.8445395,37.09040015,0,0,0,0
267,-121.690672,37.66593055,0,0,0,0
268,-120.917389,37.40321531,0,0,0,0
269,-120.6702053,37.40792054,0,0,0,0
270,-121.3901296,37.37524096,0,0,0,0
271,-120.6351683,37.59340018,0,0,0,0
272,-121.4614943,37.52795696,0,0,0,0
273,-121.6953137,37.52985516,0,0,0,0
274,-121.4013008,36.96564819,0,0,0,0
275,-121.1610329,37.87369221,2017,118,0,0
276,-121.081291,37.53899663,0,0,0,0
277,-121.2045094,37.15239913,0,0,0,0
278,-121.4791831,37.35027133,2017,360,2019,148
279,-121.6660872,37.6326591,0,0,0,0
280,-121.6845961,37.0499551,0,0,0,0
281,-121.6900247,37.84594099,2019,299,0,0
282,-120.9853916,37.6136839,0,0,0,0
283,-121.3009439,37.05968759,0,0,0,0
284,-121.7288812,37.29096796,0,0,0,0
285,-121.0059915,37.25433852,0,0,0,0
286,-121.6434612,37.47061085,0,0,0,0
287,-120.8643164,37.78650752,2016,76,0,0
288,-121.2421259,36.99587496,0,0,0,0
289,-121.1982418,37.06243886,0,0,0,0
290,-121.6084008,37.50613696,2017,278,0,0
291,-120.9070656,37.10457247,2019,67,0,0
292,-121.2122318,37.61132049,0,0,0,0
293,-121.1581904,37.568667,0,0,0,0
294,-121.3515565,37.15107278,0,0,0,0
295,-120.9654479,37.82956605,0,0,0,0
296,-121.7829648,37.00181067,0,0,0,0
297,-121.1196326,37.92840847,2015,56,2017,93
298,-120.7965506,37.63356271,0,0,0,0
299,-121.3021003,37.8849491,0,0,0,0
300,-121.0593154,37.49317247,0,0,0,0
301,-106.3553598,41.3127106,0,0,0,0
302,-106.1850534,40.81530689,0,0,0,0
303,-106.6735736,40.66252783,0,0,0,0
304,-106.3243846,40.69577138,0,0,0,0
305,-106.6426659,40.95013698,0,0,0,0
306,-106.3973488,40.89662245,0,0,0,0
307,-107.3491657,40.62515925,0,0,0,0
308,-106.7583175,41.10962586,0,0,0,0
309,-107.0570763,41.24574524,0,0,0,0
310,-106.9719857,40.91072193,0,0,0,0
311,-106.1232926,41.25307675,0,0,0,0
312,-107.1007281,40.91813981,0,0,0,0
313,-106.7114052,41.48965321,0,0,0,0
314,-107.0676553,40.55224887,0,0,0,0
315,-106.6463532,41.33398798,0,0,0,0
316,-106.0775876,40.94666909,0,0,0,0
317,-107.2094423,41.18600258,0,0,0,0
318,-106.132144,40.83757329,0,0,0,0
319,-107.2305356,41.49997312,0,0,0,0
320,-107.1477418,41.46334105,0,0,0,0
321,-106.5264737,40.62711521,0,0,0,0
322,-107.2229159,41.44132699,0,0,0,0
323,-107.2757241,41.19969273,0,0,0,0
324,-106.5190203,41.02155387,0,0,0,0
325,-107.3489095,41.28256818,0,0,0,0
326,-106.095478,41.00991279,0,0,0,0
327,-106.6683797,40.7689635,0,0,0,0
328,-106.889644,41.02030021,0,0,0,0
329,-106.4486249,40.62331192,0,0,0,0
330,-106.1513185,41.39868015,0,0,0,0
331,-106.8816299,41.12382558,0,0,0,0
332,-106.4807176,41.26391536,0,0,0,0
333,-106.5915276,40.94983184,0,0,0,0
334,-106.378451,41.50500418,0,0,0,0
335,-106.617701,41.47512275,0,0,0,0
336,-106.8922124,41.21599553,0,0,0,0
337,-106.2786323,41.44526971,0,0,0,0
338,-107.0928694,41.36284818,0,0,0,0
339,-106.3432833,41.1762182,0,0,0,0
340,-106.0884702,41.50488171,0,0,0,0
341,-107.0041705,40.83407427,0,0,0,0
342,-106.4501191,40.90916268,2016,220,0,0
343,-106.5199795,41.36789347,0,0,0,0
344,-106.8491223,41.47314366,0,0,0,0
345,-106.7310726,41.13612768,0,0,0,0
346,-106.1436521,41.08797716,0,0,0,0
347,-106.1428253,41.34411312,0,0,0,0
348,-106.4161204,40.68509885,0,0,0,0
349,-106.8734476,40.94575192,0,0,0,0
350,-107.340257,41.50268946,0,0,0,0
351,-106.6091742,40.65317951,0,0,0,0
352,-106.6435241,41.09188161,0,0,0,0
353,-106.927215,41.47591924,0,0,0,0
354,-106.2398619,41.43793276,0,0,0,0
355,-106.5532089,40.55655974,0,0,0,0
356,-106.5568863,40.68645604,0,0,0,0
357,-106.9882571,40.92684592,0,0,0,0
358,-107.2948896,41.49973796,0,0,0,0
359,-106.9995976,41.21453425,0,0,0,0
360,-107.0719841,41.07431879,0,0,0,0
361,-106.9381517,41.43541861,0,0,0,0
362,-106.2724146,40.9804653,0,0,0,0
363,-107.1730682,41.20809277,0,0,0,0
364,-107.1722739,41.08553692,0,0,0,0
365,-106.7131878,40.96801312,0,0,0,0
366,-106.6024396,41.46436192,0,0,0,0
367,-107.1805146,41.47206686,0,0,0,0
368,-106.5551085,41.24260951,0,0,0,0
369,-106.2792557,41.02885167,2015,217,0,0
370,-106.3585333,40.98844159,0,0,0,0
371,-107.0400087,41.29346306,0,0,0,0
372,-106.955085,40.63476272,0,0,0,0
373,-107.1275052,40.71727767,0,0,0,0
374,-106.7961167,41.09786598,0,0,0,0
375,-106.9376539,40.56684582,0,0,0,0
376,-107.0100005,40.96280211,0,0,0,0
377,-106.170216,41.31260881,0,0,0,0
378,-106.8481625,40.73698649,0,0,0,0
379,-106.8843703,41.08983796,0,0,0,0
380,-106.6118472,41.29198026,0,0,0,0
381,-107.2713466,40.58695426,0,0,0,0
382,-107.1204878,41.389286,0,0,0,0
383,-106.4357036,41.03601689,0,0,0,0
384,-106.6175064,40.58174576,0,0,0,0
385,-107.1110144,40.89209072,0,0,0,0
386,-106.2780871,40.93743295,0,0,0,0
387,-106.8262922,41.07269831,0,0,0,0
388,-106.6663696,40.96876157,0,0,0,0
389,-106.6798501,40.64047974,0,0,0,0
390,-107.1392498,41.15920792,0,0,0,0
391,-107.2787821,41.30156165,0,0,0,0
392,-106.7750715,41.11886883,0,0,0,0
393,-107.3438494,41.2561608,0,0,0,0
394,-106.8123484,41.09759209,2019,282,0,0
395,-106.6481405,40.92010243,2016,285,0,0
396,-106.5453711,41.0128815,0,0,0,0
397,-107.3351663,41.14633061,0,0,0,0
398,-106.4457806,40.68089451,0,0,0,0
399,-107.162233,41.23340373,0,0,0,0
400,-106.6075307,41.14443948,0,0,0,0
401,-106.585647,41.02897538,0,0,0,0
402,-106.3817121,41.48003143,0,0,0,0
403,-107.3118175,41.29834297,0,0,0,0
404,-106.2729188,41.42555549,0,0,0,0
405,-106.8880117,41.43648597,0,0,0,0
406,-106.8460926,40.65863555,0,0,0,0
407,-106.9668542,41.4994797,0,0,0,0
408,-106.6461979,40.71206409,0,0,0,0
409,-106.9918646,41.03295455,0,0,0,0
410,-106.9113101,41.42141032,0,0,0,0
411,-106.9227189,41.0506747,0,0,0,0
412,-106.5549836,40.94901112,0,0,0,0
413,-106.522164,41.45033305,0,0,0,0
414,-106.0795387,40.5818306,0,0,0,0
415,-106.1465999,40.90109346,0,0,0,0
416,-106.9218704,41.07952199,0,0,0,0
417,-107.1136578,40.68013002,0,0,0,0
418,-106.1856069,41.28451097,0,0,0,0
419,-106.9912442,40.72145199,0,0,0,0
420,-106.6646104,41.21351864,0,0,0,0
421,-106.1740538,40.61723155,0,0,0,0
422,-107.267365,41.28669633,0,0,0,0
423,-107.027329,40.58985144,2019,180,0,0
424,-106.8208646,41.03228401,0,0,0,0
425,-106.6239134,40.98235253,2016,212,0,0
426,-106.1986924,40.56541531,0,0,0,0
427,-107.0839245,40.77192793,0,0,0,0
428,-106.1228753,41.23500157,2016,237,0,0
429,-106.8242137,41.47775046,0,0,0,0
430,-106.3657824,41.49768119,0,0,0,0
431,-106.6858153,40.73715747,0,0,0,0
432,-106.9480736,41.12733629,0,0,0,0
433,-106.8183943,41.15690949,0,0,0,0
434,-106.4429011,41.02553654,0,0,0,0
435,-106.178921,40.66553379,0,0,0,0
436,-106.2215097,41.14338596,0,0,0,0
437,-107.1973264,40.93368959,0,0,0,0
438,-107.2334632,41.43420663,0,0,0,0
439,-106.2183287,41.21221475,0,0,0,0
440,-106.5357396,41.39642369,0,0,0,0
441,-107.3321905,41.28464088,0,0,0,0
442,-106.7234023,41.16347677,0,0,0,0
443,-106.2182239,41.27680253,0,0,0,0
444,-106.8828088,41.32167172,0,0,0,0
445,-106.9924923,40.90855077,0,0,0,0
446,-107.0626052,40.74404935,0,0,0,0
447,-107.1239797,41.32444124,0,0,0,0
448,-106.8708632,40.65235361,0,0,0,0
449,-106.5974769,40.80455157,0,0,0,0
450,-107.0260846,41.00371601,0,0,0,0
451,-106.5565489,40.58451145,0,0,0,0
452,-106.3295344,40.98582586,0,0,0,0
453,-107.2501152,41.31301852,0,0,0,0
454,-106.4211248,40.69663191,0,0,0,0
455,-106.5252362,40.69113613,0,0,0,0
456,-106.7642466,41.22745096,0,0,0,0
457,-106.1670961,41.22159527,0,0,0,0
458,-107.2391147,40.70112026,0,0,0,0
459,-106.5978781,41.05358501,2018,274,0,0
460,-107.086369,41.47916439,0,0,0,0
461,-107.3240443,40.76042073,0,0,0,0
462,-106.6244746,41.11799538,0,0,0,0
463,-106.2861568,41.2665792,0,0,0,0
464,-106.6566364,41.20917525,0,0,0,0
465,-106.2874953,41.18101016,2017,198,0,0
466,-107.1003513,40.74821099,0,0,0,0
467,-106.5798346,41.50023421,2016,308,0,0
468,-107.1424857,40.81444443,0,0,0,0
469,-106.9887232,40.67356998,0,0,0,0
470,-107.3591133,41.24383136,0,0,0,0
471,-106.4612998,40.89376686,0,0,0,0
472,-106.1437455,41.31537022,0,0,0,0
473,-106.4004492,40.92884751,2016,220,0,0
474,-106.4018706,41.46670676,0,0,0,0
475,-106.6602701,40.58622393,0,0,0,0
476,-107.006143,40.93168613,0,0,0,0
477,-107.0612796,41.15325833,0,0,0,0
478,-107.0180648,41.50136511,0,0,0,0
479,-106.1188816,40.7001518,0,0,0,0
480,-107.0729261,40.93682594,0,0,0,0
481,-106.6693314,40.70307003,0,0,0,0
482,-107.1093226,41.03347092,0,0,0,0
483,-106.8255148,41.52686982,0,0,0,0
484,-107.1774677,40.624533,0,0,0,0
485,-106.8905037,41.12964179,0,0,0,0
486,-106.3404884,40.82095017,0,0,0,0
487,-106.3270218,41.39285988,0,0,0,0
488,-106.1963176,40.74101818,0,0,0,0
489,-106.663874,40.6423939,0,0,0,0
490,-106.3081461,40.77648783,0,0,0,0
491,-106.4501801,40.79526983,0,0,0,0
492,-107.3227899,41.12715026,0,0,0,0
493,-107.1796086,40.83811147,0,0,0,0
494,-107.0706733,40.97432473,0,0,0,0
495,-107.0527497,40.95568579,0,0,0,0
496,-107.1595429,41.18962059,0,0,0,0
497,-107.0641926,40.83794128,0,0,0,0
498,-107.0282683,41.37303535,0,0,0,0
499,-106.1483635,41.54191911,0,0,0,0
500,-106.9237579,40.9802743,0,0,0,0
501,-106.9882356,40.99444245,0,0,0,0
502,-106.8491361,40.99248597,0,0,0,0
503,-106.9775127,40.84899812,0,0,0,0
504,-106.3834356,40.62849464,0,0,0,0
505,-106.8960738,40.60477075,0,0,0,0
506,-107.2003142,40.63965116,0,0,0,0
507,-106.571789,40.94419487,2016,189,0,0
508,-106.9020255,40.62237968,0,0,0,0
509,-106.9153725,41.41816603,0,0,0,0
510,-107.2921348,41.19110231,2016,172,0,0
511,-106.2582231,41.50613113,0,0,0,0
512,-106.7800809,41.00582735,0,0,0,0
513,-107.2668639,40.80168016,0,0,0,0
514,-106.2061928,41.3645666,0,0,0,0
515,-107.0121105,41.11229434,0,0,0,0
516,-106.5880546,41.44162091,0,0,0,0
517,-106.5206594,41.24084172,0,0,0,0
518,-107.1071765,40.76251636,0,0,0,0
519,-106.1282884,41.01543832,0,0,0,0
520,-106.5059583,40.78280183,0,0,0,0
521,-106.6693314,40.90855575,0,0,0,0
522,-106.2399234,40.66391173,0,0,0,0
523,-106.6632539,41.4774198,0,0,0,0
524,-107.3592396,41.35206067,0,0,0,0
525,-106.7510937,41.12631105,0,0,0,0
526,-106.3216691,40.81386233,0,0,0,0
527,-106.4116479,40.66212999,0,0,0,0
528,-106.6441736,41.51195871,0,0,0,0
529,-107.3767971,41.38927835,0,0,0,0
530,-106.44454,41.12293519,0,0,0,0
531,-106.7850836,40.78325166,0,0,0,0
532,-106.5185536,41.02327521,0,0,0,0
533,-106.392272,40.7985819,0,0,0,0
534,-106.3371921,41.37435553,0,0,0,0
535,-107.331768,40.86383067,0,0,0,0
536,-106.3605683,40.93257234,0,0,0,0
537,-106.6511287,41.53055378,0,0,0,0
538,-107.2687022,40.79869638,0,0,0,0
539,-107.0341314,40.55567171,0,0,0,0
540,-107.2146615,41.40174203,0,0,0,0
541,-106.6461039,41.18269529,0,0,0,0
542,-106.6809491,41.34892113,0,0,0,0
543,-107.2788779,40.82390049,0,0,0,0
544,-106.0972349,41.36895767,0,0,0,0
545,-107.0349554,40.56046416,0,0,0,0
546,-106.9803485,41.51536823,0,0,0,0
547,-106.9990365,41.49262271,0,0,0,0
548,-107.3105955,40.73480966,0,0,0,0
549,-106.6812074,40.69114073,0,0,0,0
550,-107.0412226,40.97407153,0,0,0,0
551,-106.8380358,40.79270341,0,0,0,0
552,-106.1447822,41.0324364,0,0,0,0
553,-106.1802839,40.96677268,0,0,0,0
554,-107.2285015,41.33995257,0,0,0,0
555,-106.6069204,41.04272907,2018,290,0,0
556,-106.9215792,41.48300811,0,0,0,0
557,-106.4512072,41.48481037,0,0,0,0
558,-106.7000095,41.20688128,0,0,0,0
559,-107.0330185,40.91062326,0,0,0,0
560,-106.7253755,40.65882842,0,0,0,0
561,-106.2609656,40.8798542,0,0,0,0
562,-106.4310078,40.86619289,0,0,0,0
563,-107.1109864,40.84544364,0,0,0,0
564,-107.161805,40.74211921,2019,204,0,0
565,-106.8901098,40.88384047,0,0,0,0
566,-106.2554824,41.03086861,0,0,0,0
567,-106.4901837,41.21319258,0,0,0,0
568,-106.5421949,40.61991353,0,0,0,0
569,-107.2004697,41.28566515,0,0,0,0
570,-107.2722795,41.02388998,0,0,0,0
571,-106.233428,40.81432208,0,0,0,0
572,-106.8364913,41.2844843,0,0,0,0
573,-106.7335501,40.70434213,0,0,0,0
574,-106.7769335,41.00608783,0,0,0,0
575,-106.6957444,40.64140527,0,0,0,0
576,-107.0270075,41.18633378,0,0,0,0
577,-107.0616679,40.61067293,0,0,0,0
578,-106.1998361,40.63032667,0,0,0,0
579,-106.1939843,40.96486502,0,0,0,0
580,-106.6013416,41.43790154,0,0,0,0
581,-106.9052054,41.17250957,0,0,0,0
582,-106.6037356,41.26664155,0,0,0,0
583,-106.5128657,41.27746,0,0,0,0
584,-106.2188811,41.31985938,0,0,0,0
585,-107.2792283,41.52525087,0,0,0,0
586,-106.6660426,40.65868721,0,0,0,0
587,-106.8205984,41.08867667,0,0,0,0
588,-106.572426,40.96945162,2016,220,0,0
589,-106.6545035,41.22681493,0,0,0,0
590,-107.0672807,40.55283891,0,0,0,0
591,-107.2239841,40.55988599,0,0,0,0
592,-107.3464976,40.57648999,0,0,0,0
593,-107.2931487,40.87096114,0,0,0,0
594,-106.9501695,40.81835955,0,0,0,0
595,-106.3667957,41.21245506,0,0,0,0
596,-106.9394084,41.01859752,0,0,0,0
597,-106.5764559,41.26946873,0,0,0,0
598,-106.0826522,40.83741692,0,0,0,0
599,-106.5278799,40.77371343,0,0,0,0
600,-106.685315,41.45705958,0,0,0,0
601,-73.4941179,42.11177563,0,0,0,0
602,-73.51442958,42.23844548,0,0,0,0
603,-72.96776243,41.94580358,0,0,0,0
604,-72.81906521,42.39854666,0,0,0,0
605,-72.70268381,41.61309205,0,0,0,0
606,-73.76043428,42.18340208,0,0,0,0
607,-73.52761265,41.77422749,0,0,0,0
608,-73.18021642,41.65480159,0,0,0,0
609,-73.29620503,41.76675511,0,0,0,0
610,-73.34532338,41.79804552,0,0,0,0
611,-73.7004591,42.20920905,0,0,0,0
612,-72.78651342,41.95912408,0,0,0,0
613,-73.27104335,41.5159949,0,0,0,0
614,-72.89346599,42.19352544,0,0,0,0
615,-73.05536286,42.22784499,0,0,0,0
616,-73.7175496,42.1748518,0,0,0,0
617,-73.39161872,41.67570489,0,0,0,0
618,-72.51220379,42.09707722,0,0,0,0
619,-72.56720447,41.83109286,0,0,0,0
620,-73.28357764,42.25617166,0,0,0,0
621,-72.963444,42.34588708,0,0,0,0
622,-73.04323762,42.12948992,0,0,0,0
623,-72.68657977,42.1995935,0,0,0,0
624,-72.54422001,41.52954897,0,0,0,0
625,-73.69906729,41.52117695,0,0,0,0
626,-72.60323007,42.39357652,0,0,0,0
627,-73.0519068,41.84961266,0,0,0,0
628,-73.52342871,42.3973869,0,0,0,0
629,-73.49640053,42.02225393,0,0,0,0
630,-72.86114267,41.91709201,0,0,0,0
631,-73.0142789,41.60634447,0,0,0,0
632,-73.0215037,41.81822823,0,0,0,0
633,-72.50524193,42.17186848,0,0,0,0
634,-73.03586666,41.54342345,0,0,0,0
635,-73.66384271,41.68756949,0,0,0,0
636,-73.5717535,41.88772651,0,0,0,0
637,-73.66347391,41.55984695,0,0,0,0
638,-73.59433575,42.07938047,0,0,0,0
639,-72.90020957,42.09862216,0,0,0,0
640,-72.9509362,41.823063,0,0,0,0
641,-73.28839171,42.35175415,0,0,0,0
642,-73.5725565,42.07181599,0,0,0,0
643,-73.26846094,42.25263392,0,0,0,0
644,-72.74713528,41.63073867,0,0,0,0
645,-73.2691989,41.72562934,0,0,0,0
646,-72.80135458,41.76539943,0,0,0,0
647,-73.41106756,41.54008427,0,0,0,0
648,-72.95704069,41.62440034,0,0,0,0
649,-72.62614064,41.88577774,0,0,0,0
650,-73.50248921,42.42492253,0,0,0,0
651,-73.14559771,42.34187121,0,0,0,0
652,-73.64130531,41.93568797,0,0,0,0
653,-73.62498955,41.50497286,0,0,0,0
654,-73.71228806,41.61360761,0,0,0,0
655,-73.69406895,41.52296165,0,0,0,0
656,-72.97881421,41.47484396,0,0,0,0
657,-73.24463474,42.07018975,0,0,0,0
658,-72.94319319,42.11595264,0,0,0,0
659,-72.6720529,41.65607042,0,0,0,0
660,-72.77446957,42.2196805,0,0,0,0
661,-72.52195097,41.47993027,0,0,0,0
662,-72.77533337,41.51355567,0,0,0,0
663,-72.55289847,42.06420363,0,0,0,0
664,-72.81126017,42.08989687,0,0,0,0
665,-73.46032358,41.75841303,0,0,0,0
666,-72.84981947,41.72507944,0,0,0,0
667,-72.88628452,41.64339803,0,0,0,0
668,-72.77470809,41.84455139,0,0,0,0
669,-72.792152,42.33316045,0,0,0,0
670,-73.3719687,41.88817173,0,0,0,0
671,-73.10422537,42.39193507,0,0,0,0
672,-72.78060291,41.68341221,0,0,0,0
673,-73.04025533,41.78450324,0,0,0,0
674,-72.53766994,41.83401872,0,0,0,0
675,-73.55776593,42.21767931,0,0,0,0
676,-72.60310817,41.72303752,0,0,0,0
677,-72.80682903,41.71649844,0,0,0,0
678,-73.40908291,42.10042846,0,0,0,0
679,-72.94878951,42.39942591,0,0,0,0
680,-73.18979813,41.60602068,0,0,0,0
681,-73.62502548,41.6841614,0,0,0,0
682,-73.06659114,41.93247403,0,0,0,0
683,-72.52116955,41.72793764,0,0,0,0
684,-73.21547407,41.65800067,0,0,0,0
685,-73.00636714,42.10746144,0,0,0,0
686,-73.65219031,41.54346503,0,0,0,0
687,-73.52831999,41.87337002,0,0,0,0
688,-73.57050192,42.15793144,0,0,0,0
689,-73.73671225,42.18057895,0,0,0,0
690,-73.43993155,41.56389149,0,0,0,0
691,-73.48357963,42.07991568,0,0,0,0
692,-73.30846448,42.28997794,0,0,0,0
693,-73.62228028,41.51099442,0,0,0,0
694,-72.48086067,41.78226017,0,0,0,0
695,-73.12733545,41.46870202,0,0,0,0
696,-73.27084731,42.24632415,0,0,0,0
697,-73.46844744,41.62470024,0,0,0,0
698,-73.30925669,41.95188793,0,0,0,0
699,-73.2666591,41.85587667,0,0,0,0
700,-72.55298902,42.37971909,0,0,0,0
701,-73.13912947,41.87976654,0,0,0,0
702,-72.99168609,41.80933652,0,0,0,0
703,-73.78345685,41.95366622,0,0,0,0
704,-73.00224804,42.37394345,0,0,0,0
705,-72.76657535,41.9216027,0,0,0,0
706,-72.90997725,42.37861985,0,0,0,0
707,-73.10402358,41.60462184,0,0,0,0
708,-72.70580144,41.8422093,0,0,0,0
709,-72.52985032,41.74380555,2017,68,0,0
710,-73.38026035,41.8020178,0,0,0,0
711,-72.74449888,41.81468452,0,0,0,0
712,-73.42515072,41.50105653,0,0,0,0
713,-73.76404944,42.26931095,0,0,0,0
714,-73.66529481,41.97516518,0,0,0,0
715,-73.36543749,41.60984512,0,0,0,0
716,-73.38728499,41.94990157,0,0,0,0
717,-73.77103123,41.69358123,0,0,0,0
718,-73.56910603,42.26415936,0,0,0,0
719,-73.21033723,41.75583227,0,0,0,0
720,-72.79411609,41.52946515,0,0,0,0
721,-72.88168132,42.27045397,0,0,0,0
722,-72.84650405,42.00875718,0,0,0,0
723,-73.17135416,42.39424339,0,0,0,0
724,-72.56915557,42.20221098,0,0,0,0
725,-72.4941172,41.76748853,0,0,0,0
726,-72.57565247,41.567434,0,0,0,0
727,-73.17763501,42.09648342,0,0,0,0
728,-72.58065585,42.39765245,0,0,0,0
729,-73.29144272,41.54692441,0,0,0,0
730,-72.99480264,41.96918897,0,0,0,0
731,-73.06406956,41.53822413,0,0,0,0
732,-72.66989117,42.10376412,0,0,0,0
733,-73.41933594,41.75940842,0,0,0,0
734,-72.90067335,42.41360331,0,0,0,0
735,-72.9970727,41.92862636,0,0,0,0
736,-72.91994966,42.10480118,0,0,0,0
737,-73.37751531,42.1079579,0,0,0,0
738,-73.3643641,41.50071223,0,0,0,0
739,-73.54751567,41.70267674,0,0,0,0
740,-73.65376179,42.11368415,0,0,0,0
741,-73.41561581,41.81666777,0,0,0,0
742,-73.32030755,42.02901412,0,0,0,0
743,-73.08648841,41.86705837,0,0,0,0
744,-72.50279096,41.47917307,0,0,0,0
745,-73.75492331,41.83755226,0,0,0,0
746,-72.84386012,42.28162802,0,0,0,0
747,-72.6103664,41.60068944,0,0,0,0
748,-72.65786745,41.71192191,0,0,0,0
749,-73.62455448,42.33469331,0,0,0,0
750,-72.51909332,42.26446419,0,0,0,0
751,-73.20352984,42.14382056,0,0,0,0
752,-72.63390026,42.00900863,0,0,0,0
753,-72.65192882,41.90628239,0,0,0,0
754,-73.31623025,42.16708075,0,0,0,0
755,-72.96886291,41.61773002,0,0,0,0
756,-72.66191869,41.64648522,0,0,0,0
757,-73.75784546,42.17404036,0,0,0,0
758,-73.69096134,41.83699231,0,0,0,0
759,-73.28311296,42.3372628,0,0,0,0
760,-73.59696781,41.78250758,0,0,0,0
761,-73.74195674,42.10143525,0,0,0,0
762,-72.76556208,41.76980149,0,0,0,0
763,-73.35362162,42.14775288,0,0,0,0
764,-72.71969706,41.75814813,0,0,0,0
765,-73.55878215,42.05367009,0,0,0,0
766,-72.89595817,42.04535224,0,0,0,0
767,-72.62617584,42.22187709,0,0,0,0
768,-72.80035461,41.71635703,0,0,0,0
769,-73.49473764,41.63432957,0,0,0,0
770,-73.32798058,41.52662108,0,0,0,0
771,-73.31187562,41.93194398,0,0,0,0
772,-73.43014214,42.24929461,0,0,0,0
773,-73.34817536,41.84515585,0,0,0,0
774,-73.66908698,42.24736321,0,0,0,0
775,-73.19261833,42.03214192,0,0,0,0
776,-73.20075008,41.5968894,0,0,0,0
777,-73.75021581,42.02118868,0,0,0,0
778,-72.96408058,41.52155237,0,0,0,0
779,-73.70898291,42.07581191,0,0,0,0
780,-73.57130808,41.75437387,0,0,0,0
781,-72.89105637,41.85170935,0,0,0,0
782,-73.0474616,42.33416421,0,0,0,0
783,-73.78023166,42.03792307,0,0,0,0
784,-73.42064885,41.52966581,0,0,0,0
785,-73.28201751,42.38248417,0,0,0,0
786,-73.59435768,42.06367631,0,0,0,0
787,-73.68639819,42.20580501,0,0,0,0
788,-73.17536579,42.21143222,0,0,0,0
789,-73.29824646,42.0861488,0,0,0,0
790,-72.71886773,41.51847827,0,0,0,0
791,-73.08197887,41.93976239,0,0,0,0
792,-72.72390677,41.63744963,0,0,0,0
793,-73.17929893,42.09105784,0,0,0,0
794,-73.77055902,41.99229601,0,0,0,0
795,-73.79160521,41.50820763,0,0,0,0
796,-73.56273799,42.31019746,0,0,0,0
797,-73.29656113,42.3681891,0,0,0,0
798,-72.85083884,41.73544727,0,0,0,0
799,-73.58915714,41.52497736,0,0,0,0
800,-73.41307402,42.33190715,0,0,0,0
801,-72.94528591,41.79066276,0,0,0,0
802,-73.4028253,42.29521907,0,0,0,0
803,-73.37065699,41.75591597,0,0,0,0
804,-73.5878351,41.82601472,0,0,0,0
805,-73.26704406,42.39388973,0,0,0,0
806,-72.62124725,41.64059604,0,0,0,0
807,-72.63843096,41.45576969,0,0,0,0
808,-73.26972938,42.00741377,0,0,0,0
809,-72.89530015,42.09163052,0,0,0,0
810,-73.44680702,42.39146829,0,0,0,0
811,-72.52853814,42.2018769,0,0,0,0
812,-72.96969632,41.86061377,0,0,0,0
813,-73.51954529,41.84899353,0,0,0,0
814,-73.64020166,42.19358472,0,0,0,0
815,-73.04924599,41.78987463,0,0,0,0
816,-73.41775087,42.37996849,0,0,0,0
817,-73.70481754,41.51767958,0,0,0,0
818,-73.57214063,42.35009794,0,0,0,0
819,-73.72132755,42.11440425,0,0,0,0
820,-72.89805506,41.79044446,0,0,0,0
821,-72.7605386,41.93255135,0,0,0,0
822,-72.72777555,41.90533986,0,0,0,0
823,-73.43780874,42.06649423,0,0,0,0
824,-72.61997932,41.66910705,0,0,0,0
825,-72.98239619,42.15440274,0,0,0,0
826,-73.77366659,41.80487981,0,0,0,0
827,-73.34738721,41.53111899,0,0,0,0
828,-73.0820037,42.10874825,0,0,0,0
829,-72.97284842,41.6320781,0,0,0,0
830,-73.20935163,41.66138546,0,0,0,0
831,-72.7085031,42.30482171,0,0,0,0
832,-73.5916179,42.28655561,0,0,0,0
833,-72.50304384,42.01467706,0,0,0,0
834,-72.69856654,41.75093584,0,0,0,0
835,-73.34588339,41.79122338,0,0,0,0
836,-72.98385193,41.76353239,0,0,0,0
837,-73.37745322,42.4292734,0,0,0,0
838,-73.66465489,42.31573117,0,0,0,0
839,-73.11062646,41.6831427,0,0,0,0
840,-72.71506299,41.5992344,2016,194,0,0
841,-72.79222701,41.69414302,0,0,0,0
842,-72.55868126,41.49510363,0,0,0,0
843,-73.36104045,41.53374343,0,0,0,0
844,-73.26912973,42.21754174,0,0,0,0
845,-73.59191404,41.94000156,0,0,0,0
846,-73.35754734,41.66349643,0,0,0,0
847,-73.0613195,41.91979138,0,0,0,0
848,-73.06858719,41.82654151,0,0,0,0
849,-73.57979136,41.89217806,0,0,0,0
850,-73.64041079,41.7230058,0,0,0,0
851,-73.2531423,42.37432625,0,0,0,0
852,-72.69482945,41.94219047,0,0,0,0
853,-73.54007052,42.21457458,0,0,0,0
854,-73.12560167,42.10286091,0,0,0,0
855,-73.62453469,41.89921654,2015,102,0,0
856,-72.66006721,41.69473587,0,0,0,0
857,-72.77729619,42.02296654,2019,306,0,0
858,-73.04682518,41.93413416,0,0,0,0
859,-73.26682069,42.31005036,0,0,0,0
860,-73.13612329,42.2235592,0,0,0,0
861,-72.61440767,42.13719082,0,0,0,0
862,-72.59628684,41.98228032,0,0,0,0
863,-73.12595081,42.19836834,0,0,0,0
864,-73.08586651,42.17510544,0,0,0,0
865,-72.6063537,41.54817383,0,0,0,0
866,-73.03044652,41.85662978,0,0,0,0
867,-72.78313841,41.50540382,0,0,0,0
868,-72.92260471,41.82331657,0,0,0,0
869,-73.16423081,42.18872338,0,0,0,0
870,-73.49110435,42.33921881,0,0,0,0
871,-72.99768196,41.89518198,0,0,0,0
872,-73.54584125,42.00544118,0,0,0,0
873,-73.53397875,41.76053279,0,0,0,0
874,-72.66408437,41.67932401,0,0,0,0
875,-73.62218767,42.04889405,0,0,0,0
876,-72.94178962,41.87349172,2016,354,0,0
877,-73.20572139,42.23376789,0,0,0,0
878,-72.99666413,41.50454896,0,0,0,0
879,-72.81910918,41.92493055,0,0,0,0
880,-73.38480593,42.16693672,0,0,0,0
881,-73.72791713,42.21758344,0,0,0,0
882,-72.70554935,41.48986251,0,0,0,0
883,-73.30833378,41.75948229,0,0,0,0
884,-72.92552502,41.73505875,0,0,0,0
885,-72.61614793,41.77916277,0,0,0,0
886,-73.43549114,41.67321244,0,0,0,0
887,-72.47906279,41.85142208,0,0,0,0
888,-72.69128994,41.93184853,0,0,0,0
889,-72.7607638,41.56392537,0,0,0,0
890,-72.92171416,42.04470948,0,0,0,0
891,-73.06615882,42.1950612,0,0,0,0
892,-73.27473896,42.1600429,0,0,0,0
893,-72.72124176,41.53753821,0,0,0,0
894,-73.01198653,41.74169958,0,0,0,0
895,-72.77259363,41.58940746,0,0,0,0
896,-72.48471178,42.04998916,0,0,0,0
897,-72.75642963,41.80549482,0,0,0,0
898,-72.64975276,42.39485688,0,0,0,0
899,-73.16208473,41.5304209,0,0,0,0
900,-72.63821923,41.96369759,0,0,0,0
901,-69.5467118,45.16343913,0,0,0,0
902,-69.20613676,45.66143555,0,0,0,0
903,-69.80481276,45.36712701,0,0,0,0
904,-69.40419181,45.84918131,0,0,0,0
905,-69.82686866,45.98610914,0,0,0,0
906,-69.84084892,45.43604763,0,0,0,0
907,-69.37277047,45.37402033,0,0,0,0
908,-69.67353342,45.75719257,0,0,0,0
909,-70.13250528,45.48348474,0,0,0,0
910,-69.95055006,45.73611888,0,0,0,0
911,-68.91870631,45.25519175,0,0,0,0
912,-69.30079427,45.69124542,0,0,0,0
913,-69.35405611,45.36349322,0,0,0,0
914,-69.81976504,45.42534921,0,0,0,0
915,-70.24010051,45.09604598,0,0,0,0
916,-69.48229606,45.85250428,0,0,0,0
917,-70.22491192,45.45636945,0,0,0,0
918,-69.9141598,45.96495122,2019,175,0,0
919,-70.01035722,45.51131422,0,0,0,0
920,-69.64542289,45.21737002,0,0,0,0
921,-69.20412538,46.01069237,0,0,0,0
922,-69.40056771,45.72645795,0,0,0,0
923,-69.83457342,45.35061316,0,0,0,0
924,-69.86390058,45.20200571,0,0,0,0
925,-70.16837659,45.55258002,0,0,0,0
926,-70.02848505,45.06848067,0,0,0,0
927,-69.26910547,45.62926186,0,0,0,0
928,-70.15741686,45.78225108,0,0,0,0
929,-68.99378148,45.58602439,0,0,0,0
930,-69.68079678,45.89076067,0,0,0,0
931,-70.17331409,45.88867884,0,0,0,0
932,-69.47937506,45.78612834,0,0,0,0
933,-69.11366292,45.30664963,0,0,0,0
934,-69.79040954,45.44939422,0,0,0,0
935,-69.18526381,45.10031497,0,0,0,0
936,-69.28551984,45.29042469,0,0,0,0
937,-69.45056186,45.48693001,0,0,0,0
938,-69.75111774,45.60589511,0,0,0,0
939,-69.72963175,45.76640961,0,0,0,0
940,-69.67570701,45.30936021,0,0,0,0
941,-69.69096858,45.95604673,0,0,0,0
942,-69.97832679,45.94173343,0,0,0,0
943,-69.58052656,45.32707847,0,0,0,0
944,-70.22517119,45.69579073,0,0,0,0
945,-69.48700319,45.47914407,0,0,0,0
946,-70.21335273,45.75069985,0,0,0,0
947,-69.05727834,45.34939047,0,0,0,0
948,-69.07482284,45.69654253,0,0,0,0
949,-69.80160987,45.34189472,0,0,0,0
950,-68.91584756,45.0725263,0,0,0,0
951,-68.94164097,45.96859592,0,0,0,0
952,-68.89465037,45.59064085,0,0,0,0
953,-70.06478375,45.95372058,0,0,0,0
954,-70.26877583,45.33106367,0,0,0,0
955,-69.92405798,45.15068073,0,0,0,0
956,-69.79920268,45.96314852,0,0,0,0
957,-69.95110342,45.53586902,0,0,0,0
958,-69.22014168,45.50749456,0,0,0,0
959,-69.95871196,45.37342657,0,0,0,0
960,-69.65278864,45.75449246,0,0,0,0
961,-69.91329351,45.45564953,0,0,0,0
962,-69.79832029,45.85298683,0,0,0,0
963,-69.01453303,45.40535662,0,0,0,0
964,-70.25572904,45.3575642,0,0,0,0
965,-70.09365044,45.59383397,0,0,0,0
966,-69.73940562,45.893528,0,0,0,0
967,-69.1019294,45.63627045,0,0,0,0
968,-69.97787736,45.46083882,0,0,0,0
969,-68.96931206,45.73406466,0,0,0,0
970,-68.921494,45.23432447,0,0,0,0
971,-69.75789438,45.92778142,0,0,0,0
972,-68.8995304,45.80395713,0,0,0,0
973,-70.09871123,45.12400674,0,0,0,0
974,-69.21268014,45.40668232,0,0,0,0
975,-69.46528948,45.30989591,0,0,0,0
976,-69.40666171,45.25315935,0,0,0,0
977,-69.59721729,46.00171852,0,0,0,0
978,-69.97090833,45.63914573,0,0,0,0
979,-70.07201383,45.332767,2019,307,0,0
980,-69.39171778,45.91354482,0,0,0,0
981,-69.15488943,45.42903979,0,0,0,0
982,-69.34253473,45.80776066,0,0,0,0
983,-69.61447094,45.22361244,0,0,0,0
984,-68.95672676,45.22850244,0,0,0,0
985,-69.4507494,45.60467497,0,0,0,0
986,-69.96242152,45.65882682,0,0,0,0
987,-69.31859668,45.1052678,0,0,0,0
988,-69.83650229,46.03977524,0,0,0,0
989,-69.23050814,45.65903124,0,0,0,0
990,-68.88136004,45.57139583,2016,107,0,0
991,-69.89867185,45.43978393,0,0,0,0
992,-68.97391901,45.98206306,0,0,0,0
993,-69.30550951,45.91022638,0,0,0,0
994,-70.14152119,45.40214074,0,0,0,0
995,-69.93852037,45.83244504,0,0,0,0
996,-68.97001463,45.93378286,0,0,0,0
997,-69.61154611,46.00684159,0,0,0,0
998,-69.04340829,45.88814837,0,0,0,0
999,-69.18755773,45.54836852,0,0,0,0
1000,-70.24431351,45.19165562,0,0,0,0
1001,-69.19861692,45.2975486,0,0,0,0
1002,-69.32046174,45.91778976,2015,192,0,0
1003,-69.06443812,45.98704985,0,0,0,0
1004,-69.46433658,45.38899379,0,0,0,0
1005,-69.40206143,45.57622014,0,0,0,0
1006,-70.12245187,45.55842764,0,0,0,0
1007,-69.98211311,45.73854393,0,0,0,0
1008,-70.23074956,45.72628994,0,0,0,0
1009,-69.65132918,45.15545586,0,0,0,0
1010,-69.82170497,45.60529799,0,0,0,0
1011,-69.87218152,45.31171568,0,0,0,0
1012,-69.58656398,45.86729359,0,0,0,0
1013,-70.03115063,45.96275775,0,0,0,0
1014,-68.97127858,45.84739277,0,0,0,0
1015,-68.96252406,45.50152319,0,0,0,0
1016,-69.44914082,45.3996158,0,0,0,0
1017,-70.26703298,45.12068484,0,0,0,0
1018,-69.01461828,46.0113189,0,0,0,0
1019,-69.32438872,45.8895633,0,0,0,0
1020,-70.17580004,45.61420651,0,0,0,0
1021,-68.88349193,45.73073037,0,0,0,0
1022,-69.84400881,45.95936879,0,0,0,0
1023,-69.14494451,45.25432106,0,0,0,0
1024,-69.63341664,45.65640668,0,0,0,0
1025,-69.45522078,45.40586892,0,0,0,0
1026,-69.60900922,45.4921134,0,0,0,0
1027,-69.50941599,46.0466708,0,0,0,0
1028,-70.02988667,45.40602807,0,0,0,0
1029,-69.45776922,45.73829629,0,0,0,0
1030,-70.06565442,45.78453112,0,0,0,0
1031,-69.65514077,45.59643593,0,0,0,0
1032,-69.52461117,45.43717606,0,0,0,0
1033,-69.6283791,45.26100641,0,0,0,0
1034,-69.11078282,45.49926556,2015,209,0,0
1035,-68.88317118,46.02643635,0,0,0,0
1036,-68.9180415,45.27087699,0,0,0,0
1037,-69.23521438,45.78222629,0,0,0,0
1038,-69.99255972,45.23772273,0,0,0,0
1039,-70.22300115,45.36755452,0,0,0,0
1040,-70.01218128,45.45282582,0,0,0,0
1041,-69.47080415,45.66958578,0,0,0,0
1042,-69.40195988,45.98575704,2015,312,0,0
1043,-69.76097332,45.06680796,0,0,0,0
1044,-69.38622804,45.4004912,0,0,0,0
1045,-69.03103635,45.82562847,0,0,0,0
1046,-69.92983671,45.95642026,0,0,0,0
1047,-69.88124991,45.81063016,0,0,0,0
1048,-70.09474236,45.1584866,0,0,0,0
1049,-69.54106784,45.83597338,0,0,0,0
1050,-69.12961715,45.57949245,0,0,0,0
1051,-69.85243294,45.15400707,0,0,0,0
1052,-69.17681304,45.86027934,2019,305,0,0
1053,-69.66710209,45.60861432,0,0,0,0
1054,-69.50662283,45.44252663,0,0,0,0
1055,-68.8983827,45.46678941,0,0,0,0
1056,-69.3119426,45.39596735,0,0,0,0
1057,-68.92024819,45.78775657,0,0,0,0
1058,-70.14511834,45.6285307,0,0,0,0
1059,-69.0212659,45.26521959,0,0,0,0
1060,-70.18716967,45.128326,0,0,0,0
1061,-70.10592136,45.58384864,0,0,0,0
1062,-69.39681354,45.74913345,0,0,0,0
1063,-69.76090864,45.6164965,0,0,0,0
1064,-69.83360956,45.74623428,2015,280,0,0
1065,-69.16530116,45.78045762,0,0,0,0
1066,-69.86123457,45.91126231,0,0,0,0
1067,-69.4305311,45.88637325,0,0,0,0
1068,-69.63164336,45.56364154,0,0,0,0
1069,-69.87486893,45.96242811,0,0,0,0
1070,-69.11243286,45.139822,0,0,0,0
1071,-69.48266602,45.90392635,0,0,0,0
1072,-70.18624749,45.88699101,0,0,0,0
1073,-69.90189059,45.34187025,0,0,0,0
1074,-70.0356609,45.38283442,0,0,0,0
1075,-69.49521914,45.69742675,2016,107,0,0
1076,-70.00232759,45.95757327,0,0,0,0
1077,-69.59416452,46.04122347,0,0,0,0
1078,-69.25802815,45.68419314,0,0,0,0
1079,-68.94204691,45.27603584,0,0,0,0
1080,-69.21147532,45.61105594,0,0,0,0
1081,-70.17405613,45.9469283,0,0,0,0
1082,-68.96537727,45.25881983,0,0,0,0
1083,-68.91474018,45.40267417,0,0,0,0
1084,-69.42886887,45.60545543,0,0,0,0
1085,-68.93829617,45.52662957,0,0,0,0
1086,-69.81492113,45.5303226,0,0,0,0
1087,-69.01696871,45.43197067,0,0,0,0
1088,-70.27406569,45.40827052,0,0,0,0
1089,-69.60502453,45.86073265,0,0,0,0
1090,-70.06595439,45.25787982,0,0,0,0
1091,-69.84166933,45.85457553,0,0,0,0
1092,-70.03972237,45.64189723,0,0,0,0
1093,-69.45046564,45.8183354,0,0,0,0
1094,-69.35928851,45.78277176,0,0,0,0
1095,-69.79653224,46.03957902,0,0,0,0
1096,-70.19384637,45.13221981,0,0,0,0
1097,-70.21142694,45.53314065,0,0,0,0
1098,-70.20045003,45.5883922,0,0,0,0
1099,-70.17732015,45.5302436,0,0,0,0
1100,-70.2594901,45.71289327,0,0,0,0
1101,-68.91536789,45.72416195,0,0,0,0
1102,-69.247758,45.07920479,0,0,0,0
1103,-69.22535184,45.58505034,0,0,0,0
1104,-70.22596804,45.31021043,0,0,0,0
1105,-70.11004355,45.38698714,0,0,0,0
1106,-69.90764847,45.26528318,0,0,0,0
1107,-69.02811245,45.78300099,0,0,0,0
1108,-68.91756817,45.77179774,0,0,0,0
1109,-68.88750448,45.34583558,0,0,0,0
1110,-69.79712021,45.86662438,0,0,0,0
1111,-69.86393642,45.22815994,0,0,0,0
1112,-70.02181113,45.87955149,2015,144,0,0
1113,-69.23631276,45.11365565,0,0,0,0
1114,-69.27227951,45.34036437,0,0,0,0
1115,-70.02013054,45.91437608,0,0,0,0
1116,-69.66670672,45.21042263,0,0,0,0
1117,-70.2050223,45.12874855,0,0,0,0
1118,-69.36044221,45.49578164,0,0,0,0
1119,-69.18548009,45.65873515,0,0,0,0
1120,-69.070689,45.61681619,0,0,0,0
1121,-69.17849457,45.36106095,0,0,0,0
1122,-69.67424834,45.79330141,0,0,0,0
1123,-69.79786207,46.02004969,0,0,0,0
1124,-70.1910902,45.11289901,0,0,0,0
1125,-69.13030215,45.07165211,0,0,0,0
1126,-70.12404248,45.27919265,0,0,0,0
1127,-70.25863991,45.0714429,0,0,0,0
1128,-69.89328767,45.56818029,0,0,0,0
1129,-68.9585922,45.92508035,0,0,0,0
1130,-69.33476895,45.59397192,0,0,0,0
1131,-69.73524035,45.31862163,0,0,0,0
1132,-69.0787104,45.38897997,2019,155,0,0
1133,-69.33161413,45.19135575,0,0,0,0
1134,-69.42522184,45.30480358,0,0,0,0
1135,-69.66177004,45.4423473,0,0,0,0
1136,-68.93269222,45.78074976,0,0,0,0
1137,-69.12693903,45.72019183,0,0,0,0
1138,-70.25581459,45.22253718,0,0,0,0
1139,-70.08189526,45.66647842,0,0,0,0
1140,-69.60687912,45.97029547,0,0,0,0
1141,-69.46263869,45.19915238,0,0,0,0
1142,-69.86896692,45.61965505,0,0,0,0
1143,-69.66773044,45.87979481,0,0,0,0
1144,-69.72701531,46.0443394,2016,115,0,0
1145,-70.08289685,45.40441194,0,0,0,0
1146,-68.9447574,45.68750771,0,0,0,0
1147,-69.7758552,45.67858666,0,0,0,0
1148,-69.10699791,45.61704355,0,0,0,0
1149,-70.21966887,45.53707863,0,0,0,0
1150,-69.68733849,45.75383787,0,0,0,0
1151,-70.17247482,45.57472915,0,0,0,0
1152,-69.84616638,46.04160236,0,0,0,0
1153,-68.95410466,45.88237044,0,0,0,0
1154,-69.08264957,45.75249158,0,0,0,0
1155,-70.03071461,45.3144951,0,0,0,0
1156,-69.52742456,45.47870927,0,0,0,0
1157,-69.86230945,45.35841077,0,0,0,0
1158,-69.01461113,45.25997098,0,0,0,0
1159,-70.15691247,45.20759714,0,0,0,0
1160,-69.17733785,45.93503597,0,0,0,0
1161,-70.03104785,45.40020626,0,0,0,0
1162,-69.26939315,45.31048604,0,0,0,0
1163,-69.94995598,45.3568095,0,0,0,0
1164,-69.98628127,45.45185716,0,0,0,0
1165,-69.98345108,46.00903323,2020,215,0,0
1166,-68.91095532,45.85903723,0,0,0,0
1167,-69.74587783,45.72342677,0,0,0,0
1168,-69.38812133,45.4183846,0,0,0,0
1169,-70.21871606,45.83069978,0,0,0,0
1170,-69.96031926,45.97124974,0,0,0,0
1171,-69.05346443,45.08702863,0,0,0,0
1172,-69.63740331,45.84588419,0,0,0,0
1173,-70.26294825,45.07743887,0,0,0,0
1174,-69.62621892,45.44923585,0,0,0,0
1175,-69.12549841,45.80707968,0,0,0,0
1176,-69.05802681,45.54177279,0,0,0,0
1177,-69.85351485,45.34705114,0,0,0,0
1178,-69.9516959,45.7914982,0,0,0,0
1179,-69.11521947,45.93809838,0,0,0,0
1180,-69.66488604,45.50868258,0,0,0,0
1181,-69.57126319,45.83429925,0,0,0,0
1182,-70.02174137,45.73948207,0,0,0,0
1183,-70.0572333,45.08947692,0,0,0,0
1184,-69.00921553,45.74698447,0,0,0,0
1185,-68.88978594,45.12074575,0,0,0,0
1186,-69.73329984,45.64499446,2016,211,0,0
1187,-69.12216112,46.04065284,0,0,0,0
1188,-68.94288027,45.7461071,0,0,0,0
1189,-69.02748919,45.89832718,0,0,0,0
1190,-69.10039005,45.07373327,0,0,0,0
1191,-69.32221334,45.60789461,0,0,0,0
1192,-70.03670791,45.51028823,0,0,0,0
1193,-69.94948284,45.78909603,0,0,0,0
1194,-69.66588604,45.18147998,0,0,0,0
1195,-70.25146103,45.94272928,0,0,0,0
1196,-69.89699527,45.23787306,0,0,0,0
1197,-68.90642943,45.63097985,0,0,0,0
1198,-69.83433058,45.14321348,0,0,0,0
1199,-69.47775096,45.530906,0,0,0,0
1200,-69.4194391,45.19415831,0,0,0,0
